AminoAcid,Percentage
A,1651.3761467889908
L,1146.7889908256882
V,963.302752293578
Q,733.9449541284404
G,733.9449541284404
T,688.0733944954128
D,642.2018348623853
R,550.4587155963303
E,458.7155963302752
K,412.8440366972477
P,412.8440366972477
S,366.9724770642202
N,321.10091743119267
H,275.22935779816515
M,229.3577981651376
I,229.3577981651376
F,137.61467889908258
W,45.87155963302752
C,0.0
Y,0.0
